,Unnamed: 0,City,Country,Date,Lat,Lng,Max Temp,Humidity,Cloudiness,Wind Speed,Current Description,Rain inches (last 3 hrs),Snow inches (last 3 hrs)
0,0,Yellowknife,CA,2020-02-23 02:36:40,62.46,-114.35,0.0,64,75,5.82,broken clouds,0.0,0.0
1,1,Tongliao,CN,2020-02-23 02:39:32,43.61,122.27,36.23,27,100,18.81,overcast clouds,0.0,0.0
2,2,Bethel,US,2020-02-23 02:38:16,41.37,-73.41,39.0,58,1,4.23,clear sky,0.0,0.0
3,3,Tuktoyaktuk,CA,2020-02-23 02:39:32,69.45,-133.04,1.4,84,90,3.36,light snow,0.0,0.0
4,4,Kaitangata,NZ,2020-02-23 02:39:32,-46.28,169.85,64.0,57,94,8.99,overcast clouds,0.0,0.0
5,5,Senneterre,CA,2020-02-23 02:39:33,48.38,-77.23,32.0,92,90,13.87,overcast clouds,0.0,0.0
6,6,Cabo San Lucas,MX,2020-02-23 02:37:57,22.89,-109.91,75.2,38,75,11.41,broken clouds,0.0,0.0
7,7,Wad Rawah,SD,2020-02-23 02:39:33,15.16,33.14,65.5,16,0,10.63,clear sky,0.0,0.0
8,8,Hermanus,ZA,2020-02-23 02:39:33,-34.42,19.23,62.01,88,0,4.0,clear sky,0.0,0.0
9,9,Cozumel,MX,2020-02-23 02:39:33,20.51,-86.95,71.6,60,40,11.41,scattered clouds,0.0,0.0
10,10,Hervey Bay,AU,2020-02-23 02:39:34,-25.3,152.85,78.8,69,90,20.8,overcast clouds,0.0,0.0
11,11,Hobart,AU,2020-02-23 02:39:26,-42.88,147.33,80.01,46,20,12.75,few clouds,0.0,0.0
12,12,Sola,VU,2020-02-23 02:34:58,-13.88,167.55,82.81,77,98,14.74,overcast clouds,0.0,0.0
13,13,Namtsy,RU,2020-02-23 02:39:34,62.72,129.67,-16.6,75,100,4.47,overcast clouds,0.0,0.0
14,14,Kailua,US,2020-02-23 02:39:35,21.4,-157.74,80.6,61,40,8.05,scattered clouds,0.0,0.0
15,15,Makarov,RU,2020-02-23 02:39:35,48.63,142.8,23.99,92,100,30.82,snow,0.0,1.63
16,16,Yar-Sale,RU,2020-02-23 02:39:35,66.83,70.83,21.52,92,73,16.93,broken clouds,0.0,0.0
17,17,Muli,MV,2020-02-23 02:39:35,2.92,73.57,82.89,80,93,18.77,light rain,0.63,0.0
18,18,Kiama,AU,2020-02-23 02:39:35,-34.68,150.87,78.8,57,75,10.29,broken clouds,0.0,0.0
19,19,Yenagoa,NG,2020-02-23 02:39:36,4.92,6.26,78.76,87,59,3.42,broken clouds,0.0,0.0
20,20,Port Lincoln,AU,2020-02-23 02:39:36,-34.73,135.87,82.49,32,1,8.75,clear sky,0.0,0.0
21,21,Ribeira Grande,PT,2020-02-23 02:39:36,38.52,-28.7,53.44,80,8,10.07,clear sky,0.0,0.0
22,22,Hilo,US,2020-02-23 02:39:36,19.73,-155.09,80.6,54,1,10.29,clear sky,0.0,0.0
23,23,Namatanai,PG,2020-02-23 02:36:27,-3.67,152.43,86.38,70,100,14.88,overcast clouds,0.0,0.0
24,24,West Wendover,US,2020-02-23 02:39:37,40.74,-114.07,35.6,55,1,4.7,clear sky,0.0,0.0
25,25,Kuala Kedah,MY,2020-02-23 02:39:37,6.1,100.3,86.0,70,20,11.41,few clouds,0.0,0.0
26,26,Mataura,NZ,2020-02-23 02:39:37,-46.19,168.86,62.01,74,75,17.0,broken clouds,0.0,0.0
27,27,Shimoda,JP,2020-02-23 02:39:37,34.67,138.95,57.99,50,20,17.22,few clouds,0.0,0.0
28,28,Port Hedland,AU,2020-02-23 02:39:37,-20.32,118.57,91.4,41,9,8.05,clear sky,0.0,0.0
29,29,Carnarvon,AU,2020-02-23 02:39:38,-24.87,113.63,82.4,58,0,8.05,clear sky,0.0,0.0
30,30,Punta Arenas,CL,2020-02-23 02:39:38,-53.15,-70.92,51.8,66,20,17.22,few clouds,0.0,0.0
31,31,Muros,ES,2020-02-23 02:39:38,42.78,-9.06,51.01,100,90,1.12,fog,0.0,0.0
32,32,Komatsu,JP,2020-02-23 02:39:39,36.4,136.45,44.6,70,75,16.11,broken clouds,0.0,0.0
33,33,Elko,US,2020-02-23 02:35:01,41.0,-115.5,46.4,33,1,5.82,clear sky,0.0,0.0
34,34,Lamar,US,2020-02-23 02:39:39,33.67,-95.58,48.99,57,20,8.05,few clouds,0.0,0.0
35,35,Roma,US,2020-02-23 02:35:17,43.21,-75.46,30.0,85,1,6.93,clear sky,0.0,0.0
36,36,Cape Town,ZA,2020-02-23 02:36:40,-33.93,18.42,64.99,72,0,6.93,clear sky,0.0,0.0
37,37,Kidal,ML,2020-02-23 02:39:40,18.44,1.41,70.92,11,79,11.34,broken clouds,0.0,0.0
38,38,Port Hueneme,US,2020-02-23 02:39:40,34.15,-119.2,59.0,71,75,12.44,light rain,0.0,0.0
39,39,Tasiilaq,GL,2020-02-23 02:39:40,65.61,-37.64,14.0,78,0,1.12,clear sky,0.0,0.0
40,40,Adrar,MR,2020-02-23 02:39:40,20.5,-10.07,78.66,11,97,13.6,overcast clouds,0.0,0.0
41,41,Souillac,MU,2020-02-23 02:39:41,-20.52,57.52,75.2,100,40,2.24,shower rain,0.0,0.0
42,42,Kupang,ID,2020-02-23 02:37:47,-10.17,123.58,82.4,88,40,9.17,scattered clouds,0.0,0.0
43,43,Ushuaia,AR,2020-02-23 02:39:41,-54.8,-68.3,51.8,62,75,29.97,broken clouds,0.0,0.0
44,44,Broken Hill,AU,2020-02-23 02:39:41,-31.95,141.43,84.2,32,75,11.41,broken clouds,0.0,0.0
45,45,Severo-Kurilsk,RU,2020-02-23 02:39:41,50.68,156.12,18.55,85,100,12.68,overcast clouds,0.0,0.0
46,46,Shelburne,CA,2020-02-23 02:39:42,44.08,-80.2,36.0,74,1,14.94,clear sky,0.0,0.0
47,47,Sitka,US,2020-02-23 02:39:42,57.05,-135.33,35.6,69,90,12.75,overcast clouds,0.0,0.0
48,48,Fortuna,US,2020-02-23 02:39:42,40.6,-124.16,50.0,87,90,5.82,overcast clouds,0.0,0.0
49,49,Bathsheba,BB,2020-02-23 02:39:42,13.22,-59.52,77.0,83,40,6.93,scattered clouds,0.0,0.0
50,50,Calatrava,PH,2020-02-23 02:39:42,10.6,123.48,86.0,58,20,17.22,few clouds,0.0,0.0
51,51,Dikson,RU,2020-02-23 02:39:43,73.51,80.55,18.16,93,100,22.24,light snow,0.0,0.69
52,52,Half Moon Bay,US,2020-02-23 02:37:39,37.46,-122.43,55.0,71,75,13.87,broken clouds,0.0,0.0
53,53,Anadyr,RU,2020-02-23 02:39:43,64.75,177.48,-14.01,68,40,6.71,scattered clouds,0.0,0.0
54,54,Kloulklubed,PW,2020-02-23 02:39:36,7.04,134.26,82.4,83,90,13.87,overcast clouds,0.0,0.0
55,55,Rikitea,PF,2020-02-23 02:39:44,-23.12,-134.97,79.86,66,12,6.15,few clouds,0.0,0.0
56,56,Livingston,GB,2020-02-23 02:39:44,55.9,-3.52,37.99,86,75,16.11,light rain,0.0,0.0
57,57,Roald,NO,2020-02-23 02:39:44,62.58,6.13,39.2,80,96,19.46,light snow,0.0,1.06
58,58,Pafos,CY,2020-02-23 02:39:44,34.77,32.42,51.8,76,40,3.36,scattered clouds,0.0,0.0
59,59,Caravelas,BR,2020-02-23 02:39:44,-17.71,-39.25,81.16,84,100,15.52,overcast clouds,0.0,0.0
60,60,Hithadhoo,MV,2020-02-23 02:39:45,-0.6,73.08,83.25,79,100,17.49,overcast clouds,0.0,0.0
61,61,Tuatapere,NZ,2020-02-23 02:39:45,-46.13,167.68,62.01,74,40,17.0,scattered clouds,0.0,0.0
62,62,Ler,SS,2020-02-23 02:39:45,8.3,30.14,72.79,16,84,4.99,broken clouds,0.0,0.0
63,63,Amapa,BR,2020-02-23 02:38:42,1.0,-52.0,72.82,99,100,1.39,overcast clouds,0.0,0.0
64,64,Havre-Saint-Pierre,CA,2020-02-23 02:37:10,50.23,-63.6,30.2,80,90,12.75,overcast clouds,0.0,0.0
65,65,Puerto Ayora,EC,2020-02-23 02:39:46,-0.74,-90.35,78.01,100,67,4.61,light rain,0.94,0.0
66,66,Najran,SA,2020-02-23 02:39:46,17.49,44.13,62.6,39,44,2.26,scattered clouds,0.0,0.0
67,67,Ilulissat,GL,2020-02-23 02:34:59,69.22,-51.1,1.4,45,100,13.87,overcast clouds,0.0,0.0
68,68,Luwuk,ID,2020-02-23 02:39:46,-0.95,122.79,85.17,70,100,10.13,light rain,0.56,0.0
69,69,Qasigiannguit,GL,2020-02-23 02:39:47,68.82,-51.19,1.4,45,100,13.87,overcast clouds,0.0,0.0
70,70,Busselton,AU,2020-02-23 02:39:47,-33.65,115.33,82.99,34,99,10.38,overcast clouds,0.0,0.0
71,71,Georgetown,MY,2020-02-23 02:36:21,5.41,100.34,86.0,62,20,10.29,few clouds,0.0,0.0
72,72,Bakchar,RU,2020-02-23 02:35:06,57.02,82.07,13.64,95,87,5.19,overcast clouds,0.0,0.0
73,73,Dunedin,NZ,2020-02-23 02:37:58,-45.87,170.5,66.0,51,95,10.0,overcast clouds,0.0,0.0
74,74,Mehamn,NO,2020-02-23 02:39:48,71.04,27.85,25.92,86,0,11.97,clear sky,0.0,0.0
75,75,Ancud,CL,2020-02-23 02:39:48,-41.87,-73.82,57.2,71,0,5.82,clear sky,0.0,0.0
76,76,Saint-Francois,FR,2020-02-23 02:39:48,46.42,3.91,42.01,87,100,2.24,overcast clouds,0.0,0.0
77,77,Gdov,RU,2020-02-23 02:35:05,58.74,27.81,35.11,94,100,17.74,light snow,0.0,0.63
78,78,Albany,US,2020-02-23 02:35:17,42.6,-73.97,30.0,68,20,4.05,few clouds,0.0,0.0
79,79,Galesong,ID,2020-02-23 02:39:49,-5.32,119.37,80.6,94,40,3.36,scattered clouds,0.0,0.0
80,80,Bambous Virieux,MU,2020-02-23 02:39:49,-20.34,57.76,75.2,100,40,2.24,shower rain,0.0,0.0
81,81,Saint Anthony,US,2020-02-23 02:39:49,45.02,-93.22,37.4,74,1,5.82,clear sky,0.0,0.0
82,82,Atuona,PF,2020-02-23 02:39:50,-9.8,-139.03,81.77,77,0,12.37,clear sky,0.0,0.0
83,83,Port Alfred,ZA,2020-02-23 02:39:50,-33.59,26.89,61.0,85,16,1.01,few clouds,0.0,0.0
84,84,Dingle,PH,2020-02-23 02:39:50,11.0,122.67,81.34,69,24,15.93,light rain,0.13,0.0
85,85,Esperance,AU,2020-02-23 02:39:50,-33.87,121.9,78.8,57,40,5.82,scattered clouds,0.0,0.0
86,86,Mashhad,IR,2020-02-23 02:39:50,36.3,59.61,48.2,81,20,6.93,few clouds,0.0,0.0
87,87,Lebu,CL,2020-02-23 02:39:51,-37.62,-73.65,50.9,97,5,3.33,clear sky,0.0,0.0
88,88,Colares,PT,2020-02-23 02:39:51,38.8,-9.45,62.01,58,0,5.82,clear sky,0.0,0.0
89,89,Madison,US,2020-02-23 02:39:51,34.73,-86.57,43.0,56,1,2.93,clear sky,0.0,0.0
90,90,Aasiaat,GL,2020-02-23 02:39:51,68.71,-52.87,-8.45,96,87,9.57,overcast clouds,0.0,0.0
91,91,Kosmonosy,CZ,2020-02-23 02:39:51,50.44,14.93,50.0,61,75,19.46,broken clouds,0.0,0.0
92,92,Kapaa,US,2020-02-23 02:39:52,22.08,-159.32,80.6,69,20,8.05,few clouds,0.0,0.0
93,93,Butaritari,KI,2020-02-23 02:39:52,3.07,172.79,84.38,77,41,12.08,light rain,1.13,0.0
94,94,Constitucion,CL,2020-02-23 02:36:43,-35.33,-72.42,51.35,92,16,3.13,few clouds,0.0,0.0
95,95,East London,ZA,2020-02-23 02:39:52,-33.02,27.91,67.21,67,92,17.0,light rain,0.25,0.0
96,96,Camargo,MX,2020-02-23 02:39:53,27.67,-105.17,69.19,36,100,8.21,overcast clouds,0.0,0.0
97,97,Poronaysk,RU,2020-02-23 02:39:53,49.22,143.12,23.97,93,100,20.18,light snow,0.0,1.13
98,98,Meulaboh,ID,2020-02-23 02:36:55,4.14,96.13,81.5,74,17,7.11,light rain,1.44,0.0
99,99,Rosarito,MX,2020-02-23 02:39:53,32.33,-117.03,62.6,76,75,6.93,broken clouds,0.0,0.0
100,100,Jamestown,US,2020-02-23 02:39:53,42.1,-79.24,37.99,43,1,9.17,clear sky,0.0,0.0
101,101,Del Rio,US,2020-02-23 02:39:54,29.36,-100.9,60.8,44,1,12.75,clear sky,0.0,0.0
102,102,Kahului,US,2020-02-23 02:39:54,20.89,-156.47,82.4,51,40,11.41,scattered clouds,0.0,0.0
103,103,Broome,US,2020-02-23 02:39:54,42.25,-75.83,30.99,85,1,4.7,clear sky,0.0,0.0
104,104,Alofi,NU,2020-02-23 02:38:20,-19.06,-169.92,84.2,79,75,12.75,broken clouds,0.0,0.0
105,105,Minervino Murge,IT,2020-02-23 02:39:54,41.08,16.08,45.0,52,100,8.05,overcast clouds,0.0,0.0
106,106,New Norfolk,AU,2020-02-23 02:39:55,-42.78,147.06,80.01,46,20,12.75,few clouds,0.0,0.0
107,107,Poum,NC,2020-02-23 02:39:55,-20.23,164.02,80.56,78,31,15.64,scattered clouds,0.0,0.0
108,108,Vaini,TO,2020-02-23 02:39:55,-21.2,-175.2,84.2,79,40,13.87,scattered clouds,0.0,0.0
109,109,Avarua,CK,2020-02-23 02:39:55,-21.21,-159.78,84.2,83,98,6.93,light rain,0.81,0.0
110,110,Wagar,SD,2020-02-23 02:39:55,16.15,36.2,58.96,85,0,8.95,clear sky,0.0,0.0
111,111,Arraial Do Cabo,BR,2020-02-23 02:37:45,-22.97,-42.03,74.1,81,100,14.97,light rain,1.06,0.0
112,112,Cherskiy,RU,2020-02-23 02:39:56,68.75,161.3,-17.18,94,94,5.64,overcast clouds,0.0,0.0
113,113,Xapuri,BR,2020-02-23 02:39:56,-10.65,-68.5,69.76,70,100,5.61,overcast clouds,0.0,0.0
114,114,Katsuura,JP,2020-02-23 02:39:56,35.13,140.3,57.2,26,20,10.29,few clouds,0.0,0.0
115,115,Rocha,UY,2020-02-23 02:39:56,-34.48,-54.33,51.8,91,0,0.98,clear sky,0.0,0.0
116,116,Viedma,AR,2020-02-23 02:36:03,-40.81,-63.0,64.85,39,0,13.87,clear sky,0.0,0.0
117,117,Nanortalik,GL,2020-02-23 02:39:57,60.14,-45.24,25.9,83,100,18.19,snow,0.0,1.81
118,118,Chuy,UY,2020-02-23 02:39:57,-33.7,-53.46,59.22,88,0,4.97,clear sky,0.0,0.0
119,119,Ballina,AU,2020-02-23 02:39:57,-28.87,153.57,77.0,73,100,14.99,light rain,0.44,0.0
120,120,Atar,MR,2020-02-23 02:39:57,20.52,-13.05,72.7,12,100,2.24,overcast clouds,0.0,0.0
121,121,Touros,BR,2020-02-23 02:39:58,-5.2,-35.46,78.8,94,40,4.7,scattered clouds,0.0,0.0
122,122,Victoria,HK,2020-02-23 02:39:58,22.29,114.16,73.99,52,20,14.99,few clouds,0.0,0.0
123,123,Bredy,RU,2020-02-23 02:39:58,52.42,60.34,8.82,98,0,1.41,clear sky,0.0,0.0
124,124,Airai,TL,2020-02-23 02:39:58,-8.93,125.41,83.41,54,0,3.94,clear sky,0.0,0.0
125,125,Bowen,AU,2020-02-23 02:39:59,-20.02,148.23,78.01,100,90,10.29,overcast clouds,0.0,0.0
126,126,Tecpan,GT,2020-02-23 02:39:59,14.76,-90.99,64.4,72,40,20.8,scattered clouds,0.0,0.0
127,127,Gamba,GA,2020-02-23 02:39:59,-2.65,10.0,78.6,88,100,3.74,moderate rain,3.13,0.0
128,128,Kuching,MY,2020-02-23 02:35:09,1.55,110.33,80.6,88,40,3.36,scattered clouds,0.0,0.0
129,129,Ramhormoz,IR,2020-02-23 02:40:00,31.28,49.6,55.4,76,2,6.93,clear sky,0.0,0.0
130,130,Banda Aceh,ID,2020-02-23 02:35:22,5.56,95.32,83.62,66,2,6.24,clear sky,0.0,0.0
131,131,Ahipara,NZ,2020-02-23 02:40:00,-35.17,173.17,67.26,67,13,21.94,few clouds,0.0,0.0
132,132,Qaanaaq,GL,2020-02-23 02:40:00,77.48,-69.36,-13.34,83,98,2.57,overcast clouds,0.0,0.0
133,133,Barrow,US,2020-02-23 02:39:10,71.29,-156.79,-14.8,75,1,6.93,clear sky,0.0,0.0
134,134,Saldanha,ZA,2020-02-23 02:40:01,-33.01,17.94,64.4,63,0,9.17,clear sky,0.0,0.0
135,135,Kodiak,US,2020-02-23 02:40:01,57.79,-152.41,19.4,73,90,11.41,light snow,0.0,0.0
136,136,Yakeshi,CN,2020-02-23 02:40:01,49.28,120.73,10.2,92,100,3.09,light snow,0.0,0.69
137,137,Khandagayty,RU,2020-02-23 02:40:01,50.73,92.05,4.21,85,80,0.96,broken clouds,0.0,0.0
138,138,Polovinnoye,RU,2020-02-23 02:40:02,54.79,65.99,20.41,96,94,5.5,overcast clouds,0.0,0.0
139,139,Hambantota,LK,2020-02-23 02:40:02,6.12,81.12,75.2,100,75,9.17,broken clouds,0.0,0.0
140,140,Kontagora,NG,2020-02-23 02:40:02,10.4,5.47,78.96,13,39,10.36,scattered clouds,0.0,0.0
141,141,Olafsvik,IS,2020-02-23 02:40:02,64.89,-23.71,30.76,76,94,7.76,light snow,0.0,1.06
142,142,Coihaique,CL,2020-02-23 02:40:02,-45.58,-72.07,64.4,36,6,3.36,clear sky,0.0,0.0
143,143,Tautira,PF,2020-02-23 02:40:03,-17.73,-149.15,86.0,70,40,12.75,shower rain,0.0,0.0
144,144,Rondonopolis,BR,2020-02-23 02:35:20,-16.47,-54.64,71.08,98,100,1.68,light rain,0.56,0.0
145,145,Cosala,MX,2020-02-23 02:40:03,24.41,-106.69,69.01,94,85,1.01,overcast clouds,0.0,0.0
146,146,Aklavik,CA,2020-02-23 02:40:03,68.22,-135.01,-0.4,77,90,3.36,light snow,0.0,0.0
147,147,Khatanga,RU,2020-02-23 02:40:03,71.97,102.5,11.23,78,100,16.13,overcast clouds,0.0,0.0
148,148,Srednekolymsk,RU,2020-02-23 02:40:04,67.45,153.68,-17.55,93,54,1.54,broken clouds,0.0,0.0
149,149,Agadez,NE,2020-02-23 02:40:04,19.75,10.25,62.74,23,52,12.68,broken clouds,0.0,0.0
150,150,Thayetmyo,MM,2020-02-23 02:40:04,19.32,95.18,85.53,31,60,3.13,broken clouds,0.0,0.0
151,151,Zima,RU,2020-02-23 02:40:05,53.92,102.04,14.67,91,69,5.32,broken clouds,0.0,0.0
152,152,Pevek,RU,2020-02-23 02:40:05,69.7,170.31,-10.39,96,100,10.27,light snow,0.0,0.13
153,153,Det Udom,TH,2020-02-23 02:40:05,14.91,105.08,77.0,53,8,10.29,clear sky,0.0,0.0
154,154,Bluff,NZ,2020-02-23 02:40:05,-46.6,168.33,62.01,74,70,17.0,broken clouds,0.0,0.0
155,155,Kramat,ID,2020-02-23 02:40:06,-8.13,113.45,80.44,65,44,4.14,light rain,0.31,0.0
156,156,Duki,PK,2020-02-23 02:40:06,30.15,68.57,53.89,51,0,1.79,clear sky,0.0,0.0
157,157,Mongo,TD,2020-02-23 02:40:06,12.18,18.69,66.56,15,0,7.94,clear sky,0.0,0.0
158,158,Aginskoye,RU,2020-02-23 02:40:06,51.1,114.53,19.22,75,0,15.08,clear sky,0.0,0.0
159,159,Norman Wells,CA,2020-02-23 02:37:01,65.28,-126.83,5.0,84,75,2.24,light snow,0.0,0.0
160,160,Sakaiminato,JP,2020-02-23 02:40:07,35.55,133.23,50.0,43,75,18.34,broken clouds,0.0,0.0
161,161,La Ligua,CL,2020-02-23 02:40:07,-32.45,-71.23,57.2,87,0,0.83,clear sky,0.0,0.0
162,162,Winter Garden,US,2020-02-23 02:39:51,28.57,-81.59,57.2,76,1,10.29,clear sky,0.0,0.0
163,163,Talcahuano,CL,2020-02-23 02:40:07,-36.72,-73.12,59.0,82,0,3.36,clear sky,0.0,0.0
164,164,Bonavista,CA,2020-02-23 02:40:07,48.65,-53.11,28.0,84,69,11.01,broken clouds,0.0,0.0
165,165,Adrano,IT,2020-02-23 02:40:08,37.66,14.83,48.0,100,5,2.24,clear sky,0.0,0.0
166,166,Lorengau,PG,2020-02-23 02:35:11,-2.02,147.27,83.62,67,0,3.71,clear sky,0.0,0.0
167,167,Kurilsk,RU,2020-02-23 02:40:08,45.23,147.88,31.5,91,93,12.17,light snow,0.0,0.19
168,168,Kristianstad,SE,2020-02-23 02:40:08,56.03,14.15,41.0,69,57,23.04,broken clouds,0.0,0.0
169,169,Manokwari,ID,2020-02-23 02:40:09,-0.87,134.08,79.61,84,100,9.69,light rain,0.94,0.0
170,170,Mogadishu,SO,2020-02-23 02:40:09,2.04,45.34,80.76,83,38,22.79,scattered clouds,0.0,0.0
171,171,Sturgis,US,2020-02-23 02:40:09,41.8,-85.42,37.99,64,1,5.82,clear sky,0.0,0.0
172,172,Damaturu,NG,2020-02-23 02:40:10,11.75,11.96,68.52,28,30,13.35,scattered clouds,0.0,0.0
173,173,Codrington,AU,2020-02-23 02:40:10,-38.27,141.97,62.46,74,0,10.89,clear sky,0.0,0.0
174,174,Bredasdorp,ZA,2020-02-23 02:40:10,-34.53,20.04,62.6,72,21,5.82,few clouds,0.0,0.0
175,175,Pangkalanbuun,ID,2020-02-23 02:40:10,-2.68,111.62,86.97,72,2,0.94,light rain,2.0,0.0
176,176,Vardo,NO,2020-02-23 02:40:11,70.37,31.11,32.88,80,67,17.11,broken clouds,0.0,0.0
177,177,Gandajika,CD,2020-02-23 02:40:11,-6.75,23.95,69.51,96,100,2.37,overcast clouds,0.0,0.0
178,178,Roanoke Rapids,US,2020-02-23 02:40:11,36.46,-77.65,35.01,79,1,5.86,clear sky,0.0,0.0
179,179,Sao Joao Da Barra,BR,2020-02-23 02:40:11,-21.64,-41.05,73.72,91,100,3.42,light rain,2.19,0.0
180,180,Thompson,CA,2020-02-23 02:40:12,55.74,-97.86,21.2,62,40,3.36,scattered clouds,0.0,0.0
181,181,Kushima,JP,2020-02-23 02:40:12,31.46,131.23,57.2,26,0,8.05,clear sky,0.0,0.0
182,182,Usinsk,RU,2020-02-23 02:40:12,65.99,57.53,30.79,87,91,26.22,light snow,0.0,0.13
183,183,Mar Del Plata,AR,2020-02-23 02:40:12,-38.0,-57.56,60.01,87,0,8.3,clear sky,0.0,0.0
184,184,Amga,RU,2020-02-23 02:40:13,60.9,131.96,7.05,91,100,1.61,overcast clouds,0.0,0.0
185,185,Port Elizabeth,ZA,2020-02-23 02:40:13,-33.92,25.57,57.2,87,20,6.93,few clouds,0.0,0.0
186,186,Te Anau,NZ,2020-02-23 02:40:13,-45.42,167.72,59.0,65,79,9.28,broken clouds,0.0,0.0
187,187,Praia Da Vitoria,PT,2020-02-23 02:40:13,38.73,-27.07,55.4,82,40,8.03,scattered clouds,0.0,0.0
188,188,Naze,JP,2020-02-23 02:40:14,28.37,129.48,66.2,55,75,19.46,broken clouds,0.0,0.0
189,189,Maltahohe,,2020-02-23 02:40:14,-24.83,16.98,66.92,62,0,8.68,clear sky,0.0,0.0
190,190,Taoudenni,ML,2020-02-23 02:40:14,22.68,-3.98,73.22,15,62,13.76,broken clouds,0.0,0.0
191,191,Nelson Bay,AU,2020-02-23 02:40:15,-32.72,152.15,81.0,47,100,10.29,overcast clouds,0.0,0.0
192,192,Husavik,IS,2020-02-23 02:40:15,66.04,-17.34,32.0,74,20,4.7,few clouds,0.0,0.0
193,193,Cidreira,BR,2020-02-23 02:40:15,-30.18,-50.21,70.12,64,3,6.67,light rain,0.13,0.0
194,194,Castro,BR,2020-02-23 02:40:15,-24.79,-50.01,57.97,90,79,9.42,broken clouds,0.0,0.0
195,195,Troitskoye,RU,2020-02-23 02:40:16,52.98,84.68,16.52,92,70,5.79,broken clouds,0.0,0.0
196,196,Mana,GF,2020-02-23 02:40:16,5.66,-53.78,73.96,98,25,3.04,scattered clouds,0.0,0.0
197,197,Nikolskoye,RU,2020-02-23 02:40:16,59.7,30.79,39.2,80,90,15.66,overcast clouds,0.0,0.0
198,198,Kieta,PG,2020-02-23 02:40:16,-6.22,155.63,84.47,71,48,5.77,light rain,0.94,0.0
199,199,Iwaki,JP,2020-02-23 02:40:17,37.05,140.88,44.01,100,75,11.41,light shower snow,0.0,0.0
200,200,Abu Kamal,SY,2020-02-23 02:40:17,34.45,40.92,52.66,66,0,3.8,clear sky,0.0,0.0
201,201,Atambua,ID,2020-02-23 02:40:17,-9.11,124.89,83.1,70,0,5.79,clear sky,0.0,0.0
202,202,Saint-Philippe,RE,2020-02-23 02:40:17,-21.36,55.77,75.2,60,100,8.05,light rain,0.31,0.0
203,203,Saskylakh,RU,2020-02-23 02:35:30,71.92,114.08,5.07,95,100,9.22,light snow,0.0,0.38
204,204,Auki,SB,2020-02-23 02:40:18,-8.77,160.7,84.65,70,0,5.39,clear sky,0.0,0.0
205,205,Ikalamavony,MG,2020-02-23 02:40:18,-21.15,46.58,67.66,95,100,3.22,moderate rain,3.44,0.0
206,206,Aksarka,RU,2020-02-23 02:40:18,66.56,67.8,23.25,91,89,20.27,overcast clouds,0.0,0.0
207,207,Oranjestad,AW,2020-02-23 02:36:26,12.52,-70.03,78.8,78,20,11.41,few clouds,0.0,0.0
208,208,Sterling,US,2020-02-23 02:39:08,39.01,-77.43,42.01,59,1,4.7,clear sky,0.0,0.0
209,209,Ust-Maya,RU,2020-02-23 02:40:19,60.42,134.53,6.22,92,95,2.51,overcast clouds,0.0,0.0
210,210,Monster,NL,2020-02-23 02:40:19,52.03,4.17,48.99,87,90,19.46,light intensity drizzle,0.0,0.0
211,211,Puerto Cabello,VE,2020-02-23 02:40:20,10.47,-68.01,73.36,86,74,8.63,broken clouds,0.0,0.0
212,212,Beringovskiy,RU,2020-02-23 02:40:20,63.05,179.32,-8.12,93,0,4.23,clear sky,0.0,0.0
213,213,Nabire,ID,2020-02-23 02:40:20,-3.37,135.48,90.66,54,78,3.78,broken clouds,0.0,0.0
214,214,Faya,SA,2020-02-23 02:40:03,18.39,42.45,57.2,58,18,9.17,few clouds,0.0,0.0
215,215,Svetlogorsk,BY,2020-02-23 02:40:20,52.63,29.73,40.01,81,100,17.0,light rain,0.44,0.0
216,216,Tiarei,PF,2020-02-23 02:40:20,-17.53,-149.33,86.0,70,40,12.75,shower rain,0.0,0.0
217,217,Longyearbyen,SJ,2020-02-23 02:40:21,78.22,15.64,-2.2,77,20,10.29,few clouds,0.0,0.0
218,218,Akranes,IS,2020-02-23 02:40:21,64.32,-22.07,30.2,79,75,9.17,broken clouds,0.0,0.0
219,219,Derzhavinsk,KZ,2020-02-23 02:40:21,51.1,66.32,21.06,94,100,2.3,overcast clouds,0.0,0.0
220,220,Upington,ZA,2020-02-23 02:40:22,-28.45,21.26,68.0,56,0,5.82,clear sky,0.0,0.0
221,221,Port Moresby,PG,2020-02-23 02:38:57,-9.44,147.18,93.2,56,40,9.17,haze,0.0,0.0
222,222,Enumclaw,US,2020-02-23 02:40:22,47.2,-121.99,46.0,81,1,3.85,clear sky,0.0,0.0
223,223,Jalu,LY,2020-02-23 02:40:22,29.03,21.55,51.44,72,0,11.43,clear sky,0.0,0.0
224,224,Akdepe,TM,2020-02-23 02:40:23,42.06,59.38,39.2,93,90,9.17,overcast clouds,0.0,0.0
225,225,Ucluelet,CA,2020-02-23 02:35:34,48.93,-125.55,44.6,75,90,3.36,overcast clouds,0.0,0.0
226,226,Erdenet,MN,2020-02-23 02:40:23,49.03,104.08,18.32,81,98,4.07,overcast clouds,0.0,0.0
227,227,Shakiso,ET,2020-02-23 02:40:23,5.75,38.92,59.94,57,65,5.3,broken clouds,0.0,0.0
228,228,Padang,ID,2020-02-23 02:40:23,-0.95,100.35,78.33,62,0,7.67,clear sky,0.0,0.0
229,229,Fairbanks,US,2020-02-23 02:35:45,64.84,-147.72,8.6,71,90,12.75,overcast clouds,0.0,0.0
230,230,Belgorod,RU,2020-02-23 02:40:24,50.61,36.58,30.2,100,75,6.71,mist,0.0,0.0
231,231,Camacupa,AO,2020-02-23 02:40:24,-12.02,17.48,63.19,89,100,3.33,light rain,0.19,0.0
232,232,Pula,HR,2020-02-23 02:40:24,44.87,13.85,45.0,86,99,4.7,overcast clouds,0.0,0.0
233,233,Lavrentiya,RU,2020-02-23 02:40:24,65.58,-171.0,-15.34,94,0,4.21,clear sky,0.0,0.0
234,234,Pisco,PE,2020-02-23 02:40:24,-13.7,-76.22,75.2,88,75,12.75,broken clouds,0.0,0.0
235,235,Monkey Bay,MW,2020-02-23 02:40:25,-14.07,34.92,78.75,79,100,6.02,light rain,1.19,0.0
236,236,Portland,US,2020-02-23 02:36:01,45.52,-122.68,51.8,66,90,4.7,overcast clouds,0.0,0.0
237,237,Puerto Escondido,MX,2020-02-23 02:40:25,15.85,-97.07,82.4,88,5,6.93,clear sky,0.0,0.0
238,238,Makakilo City,US,2020-02-23 02:40:25,21.35,-158.09,80.6,57,1,9.17,clear sky,0.0,0.0
239,239,Vao,NC,2020-02-23 02:40:25,-22.67,167.48,79.02,76,8,14.29,clear sky,0.0,0.0
240,240,Sarankhola,BD,2020-02-23 02:40:26,22.31,89.79,77.4,36,0,4.07,clear sky,0.0,0.0
241,241,Jawa,JO,2020-02-23 02:40:26,31.85,35.94,42.8,93,0,3.29,mist,0.0,0.0
242,242,Kaputa,ZM,2020-02-23 02:40:26,-8.47,29.66,65.23,91,100,1.39,overcast clouds,0.0,0.0
243,243,Jatiroto,ID,2020-02-23 02:40:26,-7.88,111.12,80.6,88,75,4.7,haze,0.0,0.0
244,244,Qingyuan,CN,2020-02-23 02:40:26,23.7,113.03,73.99,72,0,2.24,clear sky,0.0,0.0
245,245,Gravelbourg,CA,2020-02-23 02:40:27,49.88,-106.55,29.26,91,100,19.64,overcast clouds,0.0,0.0
246,246,Provideniya,RU,2020-02-23 02:40:27,64.38,-173.3,-9.22,82,0,2.42,clear sky,0.0,0.0
247,247,Havelock,US,2020-02-23 02:40:27,34.88,-76.9,37.4,74,1,0.96,clear sky,0.0,0.0
248,248,Lazaro Cardenas,MX,2020-02-23 02:40:27,17.96,-102.2,74.05,87,0,1.86,clear sky,0.0,0.0
249,249,Sabalgarh,IN,2020-02-23 02:40:27,26.25,77.4,63.32,75,0,4.7,clear sky,0.0,0.0
250,250,Luderitz,,2020-02-23 02:40:28,-26.65,15.16,66.2,77,0,12.75,clear sky,0.0,0.0
251,251,Narsaq,GL,2020-02-23 02:40:28,60.92,-46.05,21.2,79,100,10.29,light snow,0.0,0.0
252,252,Upernavik,GL,2020-02-23 02:38:57,72.79,-56.15,-13.61,91,42,2.84,scattered clouds,0.0,0.0
253,253,Novopskov,UA,2020-02-23 02:40:28,49.55,39.09,32.38,98,100,5.41,overcast clouds,0.0,0.0
254,254,Saint George,US,2020-02-23 02:40:28,37.1,-113.58,46.0,81,90,10.29,moderate rain,0.0,0.0
255,255,Pangnirtung,CA,2020-02-23 02:40:29,66.15,-65.71,-33.81,95,56,3.78,broken clouds,0.0,0.0
256,256,Morant Bay,JM,2020-02-23 02:40:29,17.88,-76.41,78.8,83,20,6.93,few clouds,0.0,0.0
257,257,Cockburn Town,TC,2020-02-23 02:40:29,21.46,-71.14,76.06,81,44,17.38,light rain,0.44,0.0
258,258,Sorkjosen,NO,2020-02-23 02:40:29,69.8,20.93,36.61,70,95,11.43,light snow,0.0,0.13
259,259,Falmouth,GB,2020-02-23 02:40:30,50.15,-5.07,53.6,100,100,35.57,light rain,0.13,0.0
260,260,Hasaki,JP,2020-02-23 02:40:30,35.73,140.83,59.0,35,20,10.29,few clouds,0.0,0.0
261,261,Kiunga,PG,2020-02-23 02:40:30,-6.12,141.29,93.52,48,88,6.67,overcast clouds,0.0,0.0
262,262,Yatou,CN,2020-02-23 02:40:30,37.15,122.38,42.71,49,0,13.27,clear sky,0.0,0.0
263,263,Gogrial,SS,2020-02-23 02:40:30,8.53,28.1,70.02,14,7,4.45,clear sky,0.0,0.0
264,264,Floro,NO,2020-02-23 02:40:31,61.6,5.03,41.0,65,77,24.16,light intensity shower rain,0.0,0.0
265,265,Aguimes,ES,2020-02-23 02:40:31,27.91,-15.45,73.4,40,52,18.34,broken clouds,0.0,0.0
266,266,Mandurah,AU,2020-02-23 02:40:31,-32.55,115.7,86.0,51,0,8.05,clear sky,0.0,0.0
267,267,Avera,US,2020-02-23 02:40:31,33.19,-82.53,43.0,48,1,2.91,clear sky,0.0,0.0
268,268,Talnakh,RU,2020-02-23 02:40:31,69.49,88.4,8.6,84,75,31.32,snow,0.0,0.0
269,269,Englewood,US,2020-02-23 02:38:53,39.65,-104.99,46.4,60,1,2.06,clear sky,0.0,0.0
270,270,Pierre,US,2020-02-23 02:40:32,44.37,-100.35,42.8,38,1,6.93,clear sky,0.0,0.0
271,271,Ajdabiya,LY,2020-02-23 02:40:32,30.76,20.23,57.69,69,0,27.47,clear sky,0.0,0.0
272,272,Opuwo,,2020-02-23 02:40:22,-18.06,13.84,66.69,29,100,2.39,overcast clouds,0.0,0.0
273,273,Manyana,BW,2020-02-23 02:40:33,-23.4,21.72,71.67,75,91,1.81,light rain,0.88,0.0
274,274,Summerland,CA,2020-02-23 02:40:33,49.6,-119.67,37.4,64,75,3.36,broken clouds,0.0,0.0
275,275,San Quintin,MX,2020-02-23 02:40:33,30.48,-115.95,57.97,75,0,7.92,light rain,0.13,0.0
276,276,Stepnyak,KZ,2020-02-23 02:40:33,52.83,70.78,17.24,93,94,7.61,overcast clouds,0.0,0.0
277,277,San Cristobal,VE,2020-02-23 02:40:34,7.77,-72.22,80.6,69,75,3.36,haze,0.0,0.0
278,278,Obodivka,UA,2020-02-23 02:40:34,48.41,29.25,34.0,82,100,1.99,overcast clouds,0.0,0.0
279,279,Camana,PE,2020-02-23 02:40:34,-16.62,-72.71,68.22,78,100,1.39,overcast clouds,0.0,0.0
280,280,High Level,CA,2020-02-23 02:40:34,58.52,-117.14,35.6,47,90,8.05,overcast clouds,0.0,0.0
281,281,Matagami,CA,2020-02-23 02:40:35,49.75,-77.63,33.8,64,90,8.05,overcast clouds,0.0,0.0
282,282,Mount Isa,AU,2020-02-23 02:40:35,-20.73,139.5,87.8,52,75,10.29,broken clouds,0.0,0.0
283,283,Dhidhdhoo,MV,2020-02-23 02:40:35,6.88,73.1,83.71,74,100,17.11,light rain,0.88,0.0
284,284,Verkhovyna,UA,2020-02-23 02:40:35,48.16,24.79,31.19,72,100,12.46,overcast clouds,0.0,0.0
285,285,Tonantins,BR,2020-02-23 02:40:35,-2.87,-67.8,75.85,91,100,1.74,overcast clouds,0.0,0.0
286,286,Solnechnyy,RU,2020-02-23 02:40:35,50.72,136.63,18.16,80,0,3.65,clear sky,0.0,0.0
287,287,Dauphin,CA,2020-02-23 02:40:36,51.15,-100.05,35.6,74,90,6.93,overcast clouds,0.0,0.0
288,288,West Lorne,CA,2020-02-23 02:40:36,42.6,-81.6,37.0,69,1,13.87,clear sky,0.0,0.0
289,289,Kavieng,PG,2020-02-23 02:40:36,-2.57,150.8,84.52,70,0,9.89,clear sky,0.0,0.0
290,290,Petropavlovsk-Kamchatskiy,RU,2020-02-23 02:40:36,53.05,158.65,15.8,52,0,4.47,clear sky,0.0,0.0
291,291,Asau,RO,2020-02-23 02:40:36,46.43,26.4,36.0,74,100,8.05,overcast clouds,0.0,0.0
292,292,Sinnamary,GF,2020-02-23 02:40:37,5.38,-52.95,79.18,86,98,18.48,light rain,0.25,0.0
293,293,Cururupu,BR,2020-02-23 02:40:37,-1.83,-44.87,73.8,98,94,4.81,moderate rain,8.88,0.0
294,294,Chokurdakh,RU,2020-02-23 02:40:37,70.63,147.92,-12.05,96,100,1.39,overcast clouds,0.0,0.0
295,295,Lompoc,US,2020-02-23 02:36:39,34.64,-120.46,59.0,71,90,8.05,overcast clouds,0.0,0.0
296,296,Craig,US,2020-02-23 02:40:38,40.52,-107.55,30.2,73,1,4.52,clear sky,0.0,0.0
297,297,Sulangan,PH,2020-02-23 02:40:38,11.14,123.72,78.91,79,0,16.17,clear sky,0.0,0.0
298,298,Yulara,AU,2020-02-23 02:40:38,-25.24,130.99,89.6,11,0,13.87,clear sky,0.0,0.0
299,299,Huarmey,PE,2020-02-23 02:40:38,-10.07,-78.15,74.57,61,99,1.9,overcast clouds,0.0,0.0
300,300,Tual,ID,2020-02-23 02:40:38,-5.67,132.75,82.72,76,53,14.67,light rain,1.44,0.0
301,301,Vavuniya,LK,2020-02-23 02:40:39,8.75,80.5,79.21,77,100,10.25,overcast clouds,0.0,0.0
302,302,Russell,US,2020-02-23 02:40:39,32.35,-85.2,44.6,54,1,1.92,clear sky,0.0,0.0
303,303,Bolshaya Sosnova,RU,2020-02-23 02:40:39,57.67,54.6,27.57,93,100,13.67,overcast clouds,0.0,0.0
304,304,Rezekne,LV,2020-02-23 02:40:40,56.5,27.32,35.82,78,60,16.96,light snow,0.0,0.13
305,305,Mildura,AU,2020-02-23 02:40:40,-34.2,142.15,91.4,22,0,10.29,clear sky,0.0,0.0
306,306,Sars,RU,2020-02-23 02:40:40,56.55,57.14,28.78,95,100,8.48,light snow,0.0,0.19
307,307,Amazar,RU,2020-02-23 02:40:40,53.86,120.88,13.5,87,100,1.57,light snow,0.0,0.19
308,308,Saint Paul,US,2020-02-23 02:38:17,44.94,-93.09,37.4,80,1,8.05,clear sky,0.0,0.0
309,309,Port Macquarie,AU,2020-02-23 02:36:52,-31.43,152.92,79.0,53,40,8.05,scattered clouds,0.0,0.0
310,310,Voh,NC,2020-02-23 02:40:41,-20.97,164.7,80.74,77,0,16.35,clear sky,0.0,0.0
311,311,Estelle,US,2020-02-23 02:40:41,29.85,-90.11,53.6,87,1,6.6,clear sky,0.0,0.0
312,312,Mandera,KE,2020-02-23 02:40:41,3.94,41.87,68.0,20,31,1.01,scattered clouds,0.0,0.0
313,313,Makurdi,NG,2020-02-23 02:40:41,7.74,8.51,77.85,18,9,4.5,clear sky,0.0,0.0
314,314,Garden City,US,2020-02-23 02:37:15,42.33,-83.33,39.2,80,1,6.93,clear sky,0.0,0.0
315,315,Foz,ES,2020-02-23 02:40:42,43.57,-7.25,46.99,1,0,3.47,clear sky,0.0,0.0
316,316,Walvis Bay,,2020-02-23 02:38:28,-22.96,14.51,64.4,82,0,12.75,clear sky,0.0,0.0
317,317,Ponta Do Sol,PT,2020-02-23 02:40:42,32.67,-17.1,70.0,72,20,20.8,few clouds,0.0,0.0
318,318,Tiznit,MA,2020-02-23 02:40:42,29.58,-9.5,63.37,20,0,32.82,clear sky,0.0,0.0
319,319,Port Blair,IN,2020-02-23 02:40:43,11.67,92.75,81.57,77,100,15.39,overcast clouds,0.0,0.0
320,320,Etne,NO,2020-02-23 02:40:43,59.66,5.93,42.8,81,96,33.33,snow,0.0,1.94
321,321,Faanui,PF,2020-02-23 02:40:43,-16.48,-151.75,83.26,69,51,8.03,broken clouds,0.0,0.0
322,322,Coquimbo,CL,2020-02-23 02:39:57,-29.95,-71.34,60.8,82,1,4.7,clear sky,0.0,0.0
323,323,Tazovskiy,RU,2020-02-23 02:40:44,67.47,78.7,18.0,91,100,19.26,light snow,0.0,0.13
324,324,Cayenne,GF,2020-02-23 02:40:44,4.93,-52.33,80.6,83,90,5.82,overcast clouds,0.0,0.0
325,325,Qaqortoq,GL,2020-02-23 02:40:44,60.72,-46.03,21.2,79,100,10.29,light snow,0.0,0.0
326,326,North Bend,US,2020-02-23 02:40:44,43.41,-124.22,48.99,93,1,13.87,clear sky,0.0,0.0
327,327,Marzuq,YE,2020-02-23 02:40:45,14.4,46.47,57.15,40,0,2.39,clear sky,0.0,0.0
328,328,Tiksi,RU,2020-02-23 02:40:45,71.69,128.87,-10.32,92,98,5.93,overcast clouds,0.0,0.0
329,329,Mahebourg,MU,2020-02-23 02:40:45,-20.41,57.7,75.2,100,40,2.24,shower rain,0.0,0.0
330,330,Beira,MZ,2020-02-23 02:38:37,-19.84,34.84,77.0,100,68,6.93,broken clouds,0.0,0.0
331,331,College,US,2020-02-23 02:40:46,64.86,-147.8,8.6,71,90,12.75,snow,0.0,0.0
332,332,Kalachinsk,RU,2020-02-23 02:40:46,55.05,74.58,8.98,97,90,5.91,overcast clouds,0.0,0.0
333,333,Sao Filipe,CV,2020-02-23 02:40:46,14.9,-24.5,68.05,80,100,12.15,overcast clouds,0.0,0.0
334,334,Baie-Comeau,CA,2020-02-23 02:36:48,49.22,-68.15,30.2,86,1,26.4,clear sky,0.0,0.0
335,335,Pultusk,PL,2020-02-23 02:40:47,52.7,21.08,46.99,65,100,20.8,overcast clouds,0.0,0.0
336,336,Acajutla,SV,2020-02-23 02:40:47,13.59,-89.83,83.01,71,0,12.75,clear sky,0.0,0.0
337,337,Kruisfontein,ZA,2020-02-23 02:40:47,-34.0,24.73,55.51,83,28,1.88,light rain,0.13,0.0
338,338,Natal,BR,2020-02-23 02:39:30,-5.79,-35.21,80.6,88,40,3.36,scattered clouds,0.0,0.0
339,339,Nurota,UZ,2020-02-23 02:40:47,40.56,65.69,39.2,93,100,4.7,mist,0.0,0.0
340,340,Galle,LK,2020-02-23 02:40:48,6.04,80.22,80.06,75,100,1.63,overcast clouds,0.0,0.0
341,341,Kasongo,CD,2020-02-23 02:40:48,-4.45,26.67,71.31,95,100,1.77,light rain,1.94,0.0
342,342,Moron,AR,2020-02-23 02:37:12,-34.65,-58.62,66.2,77,0,5.82,clear sky,0.0,0.0
343,343,Fort Nelson,CA,2020-02-23 02:40:48,58.81,-122.7,33.8,34,40,5.82,scattered clouds,0.0,0.0
344,344,Boralday,KZ,2020-02-23 02:40:48,43.36,76.86,35.6,93,90,2.24,mist,0.0,0.0
345,345,Buraydah,SA,2020-02-23 02:40:49,26.33,43.98,55.4,54,0,12.75,clear sky,0.0,0.0
346,346,Abadan,IR,2020-02-23 02:38:06,30.34,48.3,60.8,87,0,4.7,clear sky,0.0,0.0
347,347,Iqaluit,CA,2020-02-23 02:40:49,63.75,-68.51,-32.01,59,20,4.7,few clouds,0.0,0.0
348,348,Jardim,BR,2020-02-23 02:40:49,-21.48,-56.14,63.93,60,0,2.42,clear sky,0.0,0.0
349,349,Tupi Paulista,BR,2020-02-23 02:40:49,-21.38,-51.57,71.26,95,9,8.21,light rain,0.13,0.0
350,350,Makubetsu,JP,2020-02-23 02:40:50,45.37,141.82,32.0,83,75,28.86,light shower snow,0.0,0.0
351,351,Isangel,VU,2020-02-23 02:40:50,-19.55,169.27,84.2,79,20,16.04,few clouds,0.0,0.0
352,352,Vila Velha,BR,2020-02-23 02:37:21,-20.33,-40.29,77.0,83,90,12.75,thunderstorm,0.0,0.0
353,353,Povenets,RU,2020-02-23 02:40:50,62.85,34.83,32.65,96,100,19.19,light snow,0.0,1.5
354,354,Xinzhou,CN,2020-02-23 02:37:06,38.41,112.73,41.32,33,0,4.59,clear sky,0.0,0.0
355,355,Batagay,RU,2020-02-23 02:40:51,67.63,134.63,-4.79,92,94,1.66,overcast clouds,0.0,0.0
356,356,Juneau,US,2020-02-23 02:40:17,58.3,-134.42,36.0,86,75,11.41,broken clouds,0.0,0.0
357,357,Vilhena,BR,2020-02-23 02:36:04,-12.74,-60.15,66.31,98,100,3.0,overcast clouds,0.0,0.0
358,358,Ilebo,CD,2020-02-23 02:40:52,-4.32,20.58,71.22,98,87,0.54,light rain,0.69,0.0
359,359,Diamantino,BR,2020-02-23 02:40:36,-14.41,-56.45,67.6,98,100,3.15,overcast clouds,0.0,0.0
360,360,Juventino Rosas,MX,2020-02-23 02:40:52,20.65,-101.0,75.2,27,40,3.24,scattered clouds,0.0,0.0
361,361,Clyde River,CA,2020-02-23 02:40:52,70.47,-68.59,-29.2,66,1,3.36,clear sky,0.0,0.0
362,362,Gympie,AU,2020-02-23 02:37:04,-26.19,152.66,80.01,70,100,5.01,light rain,0.31,0.0
363,363,Kudat,MY,2020-02-23 02:40:53,6.88,116.85,82.4,78,75,10.29,broken clouds,0.0,0.0
364,364,Talara,PE,2020-02-23 02:40:53,-4.58,-81.27,77.38,84,99,4.41,overcast clouds,0.0,0.0
365,365,Canby,US,2020-02-23 02:40:53,45.26,-122.69,51.8,57,1,4.7,clear sky,0.0,0.0
366,366,Labuhan,ID,2020-02-23 02:40:54,-6.88,112.21,84.27,77,54,8.03,light rain,1.13,0.0
367,367,Chicama,PE,2020-02-23 02:40:54,-7.84,-79.15,73.4,83,20,5.82,mist,0.0,0.0
368,368,Minuri,PH,2020-02-23 02:40:54,16.54,121.86,70.47,72,74,3.87,broken clouds,0.0,0.0
369,369,Bastia,FR,2020-02-23 02:40:54,42.67,9.33,48.2,87,44,3.36,scattered clouds,0.0,0.0
370,370,Ayagoz,KZ,2020-02-23 02:40:55,47.97,80.44,24.8,96,100,8.52,snow,0.0,1.75
371,371,Bengkulu,ID,2020-02-23 02:40:55,-3.8,102.27,87.21,55,0,2.89,clear sky,0.0,0.0
372,372,Acapulco,MX,2020-02-23 02:38:31,16.86,-99.89,80.6,88,5,8.05,clear sky,0.0,0.0
373,373,Berlevag,NO,2020-02-23 02:40:55,70.86,29.09,34.02,79,0,26.31,clear sky,0.0,0.0
374,374,Prudentopolis,BR,2020-02-23 02:40:56,-25.21,-50.98,62.98,91,13,3.2,few clouds,0.0,0.0
375,375,Fare,PF,2020-02-23 02:40:56,-16.7,-151.02,83.39,70,30,9.13,scattered clouds,0.0,0.0
376,376,Casian,PH,2020-02-23 02:40:56,11.04,119.71,81.1,69,67,19.89,light rain,0.25,0.0
377,377,Amahai,ID,2020-02-23 02:40:56,-3.33,128.92,85.87,71,8,11.41,clear sky,0.0,0.0
378,378,Burnie,AU,2020-02-23 02:40:56,-41.07,145.92,73.0,59,4,4.0,clear sky,0.0,0.0
379,379,Clyde,US,2020-02-23 02:40:57,41.3,-82.98,37.99,51,1,9.17,clear sky,0.0,0.0
380,380,Leningradskiy,RU,2020-02-23 02:40:57,69.38,178.42,-12.05,95,100,6.04,overcast clouds,0.0,0.0
381,381,Biak,ID,2020-02-23 02:40:57,-0.91,122.88,85.17,70,100,10.13,light rain,0.56,0.0
382,382,Dali,CN,2020-02-23 02:40:58,25.7,100.18,59.11,46,43,4.43,scattered clouds,0.0,0.0
383,383,Rio Grande,BR,2020-02-23 02:38:20,-32.03,-52.1,61.0,90,8,10.85,clear sky,0.0,0.0
384,384,Lovozero,RU,2020-02-23 02:40:58,68.0,35.01,27.72,95,100,7.36,light snow,0.0,0.88
385,385,Lasa,IT,2020-02-23 02:40:58,46.62,10.7,37.99,52,1,3.11,clear sky,0.0,0.0
386,386,Saiha,IN,2020-02-23 02:40:58,22.48,92.97,77.94,29,43,2.3,scattered clouds,0.0,0.0
387,387,Mudgee,AU,2020-02-23 02:40:59,-32.59,149.59,71.6,60,75,9.17,broken clouds,0.0,0.0
388,388,Ahuimanu,US,2020-02-23 02:39:48,21.44,-157.84,80.6,61,40,8.05,scattered clouds,0.0,0.0
389,389,Porto Velho,BR,2020-02-23 02:40:59,-8.76,-63.9,77.0,94,40,1.39,scattered clouds,0.0,0.0
390,390,Shiraz,IR,2020-02-23 02:38:51,29.6,52.54,41.0,48,0,1.45,clear sky,0.0,0.0
391,391,Beloha,MG,2020-02-23 02:41:00,-25.17,45.05,74.52,86,67,7.27,broken clouds,0.0,0.0
392,392,Lardos,GR,2020-02-23 02:41:00,36.09,28.02,51.8,62,20,10.29,few clouds,0.0,0.0
393,393,Saint-Prosper,CA,2020-02-23 02:41:00,46.21,-70.48,30.0,64,100,11.01,light snow,0.0,0.25
394,394,Guozhen,CN,2020-02-23 02:41:00,34.37,107.36,51.06,36,30,4.0,scattered clouds,0.0,0.0
395,395,Quatre Cocos,MU,2020-02-23 02:41:01,-20.21,57.76,75.2,100,40,2.24,shower rain,0.0,0.0
396,396,Shepsi,RU,2020-02-23 02:41:01,44.04,39.15,46.47,84,100,9.55,light rain,0.38,0.0
397,397,Tahta,EG,2020-02-23 02:41:01,26.77,31.5,43.56,72,29,2.68,scattered clouds,0.0,0.0
398,398,Yarim,YE,2020-02-23 02:41:01,14.3,44.38,52.86,43,0,4.65,clear sky,0.0,0.0
399,399,Mount Gambier,AU,2020-02-23 02:41:02,-37.83,140.77,78.8,39,0,9.17,clear sky,0.0,0.0
400,400,Mehran,IR,2020-02-23 02:41:02,33.12,46.16,48.2,61,75,4.7,broken clouds,0.0,0.0
401,401,Pontianak,ID,2020-02-23 02:41:02,-0.03,109.33,86.2,66,98,3.09,overcast clouds,0.0,0.0
402,402,Jumla,NP,2020-02-23 02:41:02,29.27,82.18,36.75,48,41,3.11,scattered clouds,0.0,0.0
403,403,Trelew,AR,2020-02-23 02:41:02,-43.25,-65.31,75.25,21,0,20.74,clear sky,0.0,0.0
404,404,Aranos,,2020-02-23 02:41:03,-24.13,19.12,67.35,91,100,5.79,moderate rain,7.31,0.0
405,405,Itamaraju,BR,2020-02-23 02:41:03,-17.04,-39.53,74.48,93,100,4.25,overcast clouds,0.0,0.0
406,406,Sayat,TM,2020-02-23 02:41:03,38.78,63.88,37.4,93,67,6.93,broken clouds,0.0,0.0
407,407,Yanam,IN,2020-02-23 02:41:03,16.73,82.22,69.8,88,0,8.05,mist,0.0,0.0
408,408,Kudahuvadhoo,MV,2020-02-23 02:41:04,2.67,72.89,83.5,78,100,19.06,overcast clouds,0.0,0.0
409,409,Parian Dakula,PH,2020-02-23 02:41:04,5.56,120.77,82.09,68,100,6.76,overcast clouds,0.0,0.0
410,410,Algiers,DZ,2020-02-23 02:39:45,36.75,3.04,39.2,100,20,2.24,few clouds,0.0,0.0
411,411,Dawei,MM,2020-02-23 02:41:04,14.08,98.2,83.39,59,0,16.98,clear sky,0.0,0.0
412,412,Nome,US,2020-02-23 02:41:05,64.5,-165.41,-5.8,76,20,6.93,few clouds,0.0,0.0
413,413,Nan,TH,2020-02-23 02:41:05,18.83,100.67,68.0,72,0,1.12,clear sky,0.0,0.0
414,414,Southbridge,US,2020-02-23 02:41:05,42.08,-72.03,34.0,47,1,10.29,clear sky,0.0,0.0
415,415,Talakan,RU,2020-02-23 02:41:05,50.32,130.37,10.8,85,51,2.75,broken clouds,0.0,0.0
416,416,Mersing,MY,2020-02-23 02:41:06,2.43,103.84,84.2,83,20,11.41,few clouds,0.0,0.0
417,417,Vredendal,ZA,2020-02-23 02:41:06,-31.67,18.5,66.76,63,11,7.49,few clouds,0.0,0.0
418,418,Vung Tau,VN,2020-02-23 02:41:06,10.35,107.08,84.74,43,0,8.39,clear sky,0.0,0.0
419,419,Vila Franca Do Campo,PT,2020-02-23 02:41:06,37.72,-25.43,57.2,76,75,5.82,broken clouds,0.0,0.0
420,420,Lytkarino,RU,2020-02-23 02:41:06,55.58,37.91,34.0,86,90,15.66,light snow,0.0,0.0
421,421,Torbay,CA,2020-02-23 02:41:07,47.67,-52.73,28.99,79,90,18.34,light shower snow,0.0,0.0
422,422,Negombo,LK,2020-02-23 02:41:07,7.21,79.84,77.0,94,100,10.29,overcast clouds,0.0,0.0
423,423,Fukue,JP,2020-02-23 02:41:07,32.69,128.84,50.0,43,20,13.87,few clouds,0.0,0.0
424,424,Zabaykalsk,RU,2020-02-23 02:41:07,49.63,117.32,11.44,90,49,8.84,scattered clouds,0.0,0.0
425,425,Yingkou,CN,2020-02-23 02:41:08,40.66,122.23,34.5,68,2,18.68,clear sky,0.0,0.0
426,426,Zhangye,CN,2020-02-23 02:41:08,38.93,100.45,48.87,12,0,3.56,clear sky,0.0,0.0
427,427,Oranjemund,,2020-02-23 02:41:08,-28.55,16.43,61.23,94,10,8.16,clear sky,0.0,0.0
428,428,Marsa Matruh,EG,2020-02-23 02:41:08,31.35,27.25,57.49,70,91,17.94,light rain,1.63,0.0
429,429,Rolla,US,2020-02-23 02:40:00,37.95,-91.77,44.6,33,20,10.29,few clouds,0.0,0.0
430,430,Hamilton,US,2020-02-23 02:41:09,39.18,-84.53,39.2,74,1,9.17,clear sky,0.0,0.0
431,431,Ostrovnoy,RU,2020-02-23 02:41:09,68.05,39.51,30.06,90,100,22.26,light snow,0.0,0.19
432,432,Bantogon,PH,2020-02-23 02:41:09,6.53,124.03,82.31,67,0,6.42,clear sky,0.0,0.0
433,433,Naryshkino,RU,2020-02-23 02:41:09,52.97,35.73,31.93,94,100,22.48,light snow,0.0,0.31
434,434,Sungaipenuh,ID,2020-02-23 02:41:10,-2.08,101.38,71.53,74,68,4.56,light rain,0.25,0.0
435,435,Griffith,US,2020-02-23 02:41:10,41.53,-87.42,42.8,64,1,10.29,clear sky,0.0,0.0
436,436,Prado,BR,2020-02-23 02:41:10,-17.34,-39.22,81.16,84,100,15.52,overcast clouds,0.0,0.0
437,437,Samarai,PG,2020-02-23 02:41:10,-10.62,150.67,85.93,77,37,4.72,light rain,1.75,0.0
438,438,Gizo,SB,2020-02-23 02:41:11,-8.1,156.84,82.62,80,31,8.46,light rain,1.5,0.0
439,439,Setermoen,NO,2020-02-23 02:41:11,68.86,18.35,33.8,80,80,16.11,light snow,0.0,0.19
440,440,Hailey,US,2020-02-23 02:41:11,43.52,-114.32,30.2,63,5,3.98,clear sky,0.0,0.0
441,441,Marsh Harbour,BS,2020-02-23 02:41:11,26.54,-77.06,67.59,71,2,21.41,light rain,0.13,0.0
442,442,Moindou,NC,2020-02-23 02:41:12,-21.69,165.68,89.6,55,40,13.87,scattered clouds,0.0,0.0
443,443,Mbanza-Ngungu,CD,2020-02-23 02:41:12,-5.25,14.87,70.47,96,100,0.43,light rain,2.5,0.0
444,444,Aktash,RU,2020-02-23 02:41:12,50.3,87.73,21.9,95,100,1.81,light snow,0.0,1.19
445,445,Aykhal,RU,2020-02-23 02:41:12,66.0,111.5,-5.8,83,75,6.71,light snow,0.0,0.0
446,446,Camopi,GF,2020-02-23 02:41:12,3.17,-52.32,74.07,98,100,1.92,light rain,0.19,0.0
447,447,Mbaiki,CF,2020-02-23 02:41:13,3.87,17.99,74.14,48,39,3.8,scattered clouds,0.0,0.0
448,448,Dalvik,IS,2020-02-23 02:41:13,65.97,-18.53,32.0,71,20,4.7,few clouds,0.0,0.0
449,449,Ambovombe,MG,2020-02-23 02:41:13,-25.17,46.08,73.94,77,97,4.9,overcast clouds,0.0,0.0
450,450,Jiaojiang,CN,2020-02-23 02:41:13,28.68,121.44,71.01,68,12,6.33,few clouds,0.0,0.0
451,451,Hirara,JP,2020-02-23 02:39:05,24.8,125.28,71.6,68,75,14.99,broken clouds,0.0,0.0
452,452,Cheremukhovo,RU,2020-02-23 02:41:14,60.35,59.99,21.2,92,0,4.07,clear sky,0.0,0.0
453,453,Miquelon,PM,2020-02-23 02:41:14,47.1,-56.38,30.61,90,100,26.42,light snow,0.0,0.13
454,454,Los Llanos De Aridane,ES,2020-02-23 02:41:14,28.66,-17.92,71.6,53,100,14.99,overcast clouds,0.0,0.0
455,455,Maragogi,BR,2020-02-23 02:37:49,-9.01,-35.22,81.82,81,98,13.76,light rain,0.44,0.0
456,456,Marathon,US,2020-02-23 02:41:14,44.9,-89.77,37.4,69,1,4.7,clear sky,0.0,0.0
457,457,Quelimane,MZ,2020-02-23 02:39:10,-17.88,36.89,73.62,90,100,4.23,overcast clouds,0.0,0.0
458,458,Nokaneng,BW,2020-02-23 02:41:15,-19.67,22.27,71.31,79,83,0.58,broken clouds,0.0,0.0
459,459,Mareeba,AU,2020-02-23 02:41:15,-17.0,145.43,82.99,94,40,3.36,scattered clouds,0.0,0.0
460,460,Grindavik,IS,2020-02-23 02:41:15,63.84,-22.43,30.2,92,90,9.17,overcast clouds,0.0,0.0
461,461,Katangli,RU,2020-02-23 02:41:15,51.71,143.23,20.75,91,100,8.14,light snow,0.0,0.56
462,462,San Patricio,MX,2020-02-23 02:41:16,19.22,-104.7,77.0,83,5,9.46,clear sky,0.0,0.0
463,463,Eydhafushi,MV,2020-02-23 02:41:16,5.1,73.07,83.34,77,100,19.62,overcast clouds,0.0,0.0
464,464,Westport,US,2020-02-23 02:41:16,41.14,-73.36,43.0,37,1,5.32,clear sky,0.0,0.0
465,465,Leo,BF,2020-02-23 02:41:16,11.1,-2.1,79.16,15,12,10.45,few clouds,0.0,0.0
466,466,Loudi,CN,2020-02-23 02:37:45,27.73,111.99,61.41,73,27,4.72,scattered clouds,0.0,0.0
467,467,Bequimao,BR,2020-02-23 02:41:17,-2.45,-44.78,75.2,94,75,11.41,light rain,0.0,0.0
468,468,Anjar,IN,2020-02-23 02:41:17,23.13,70.02,72.27,46,29,12.84,scattered clouds,0.0,0.0
469,469,Buchanan,LR,2020-02-23 02:41:17,5.88,-10.05,77.0,94,20,2.46,mist,0.0,0.0
470,470,Pimentel,PE,2020-02-23 02:41:18,-6.84,-79.93,66.2,29,40,12.75,scattered clouds,0.0,0.0
471,471,Guzelyurt,TR,2020-02-23 02:41:18,38.28,34.37,37.4,93,100,4.7,overcast clouds,0.0,0.0
472,472,Guerrero Negro,MX,2020-02-23 02:41:18,27.98,-114.06,59.5,75,82,18.92,broken clouds,0.0,0.0
473,473,Morondava,MG,2020-02-23 02:41:19,-20.28,44.28,72.72,95,47,3.62,scattered clouds,0.0,0.0
474,474,Doka,SD,2020-02-23 02:41:19,13.52,35.77,68.5,37,0,11.86,clear sky,0.0,0.0
475,475,Banff,CA,2020-02-23 02:41:19,51.18,-115.57,9.05,85,0,4.03,clear sky,0.0,0.0
476,476,Daru,PG,2020-02-23 02:41:19,-9.08,143.21,94.01,52,46,9.26,scattered clouds,0.0,0.0
477,477,Deputatskiy,RU,2020-02-23 02:41:20,69.3,139.9,-7.67,96,97,1.23,overcast clouds,0.0,0.0
478,478,Buala,SB,2020-02-23 02:41:20,-8.14,159.59,83.71,75,80,3.47,light rain,2.63,0.0
479,479,Elizabeth City,US,2020-02-23 02:41:20,36.29,-76.25,39.99,71,1,6.11,clear sky,0.0,0.0
480,480,Darhan,MN,2020-02-23 02:38:25,49.49,105.92,13.77,84,63,2.37,broken clouds,0.0,0.0
481,481,Palmer,US,2020-02-23 02:37:43,42.16,-72.33,34.0,58,1,2.86,clear sky,0.0,0.0
482,482,Kisangani,CD,2020-02-23 02:41:21,0.52,25.2,74.48,69,71,2.51,broken clouds,0.0,0.0
483,483,Nemuro,JP,2020-02-23 02:41:21,43.32,145.57,35.6,74,75,12.75,broken clouds,0.0,0.0
484,484,Bratsk,RU,2020-02-23 02:38:45,56.13,101.61,14.0,92,40,8.95,light shower snow,0.0,0.0
485,485,Toora-Khem,RU,2020-02-23 02:41:21,52.47,96.11,15.73,92,100,2.15,overcast clouds,0.0,0.0
486,486,Kalmunai,LK,2020-02-23 02:41:22,7.42,81.82,80.42,81,100,17.49,light rain,1.0,0.0
487,487,Itaituba,BR,2020-02-23 02:41:22,-4.28,-55.98,73.49,98,99,1.19,overcast clouds,0.0,0.0
488,488,Harbour Breton,CA,2020-02-23 02:41:22,47.48,-55.8,30.42,89,100,27.38,light snow,0.0,0.25
489,489,Flinders,AU,2020-02-23 02:41:22,-34.58,150.86,78.8,57,75,10.29,broken clouds,0.0,0.0
490,490,Vestmannaeyjar,IS,2020-02-23 02:41:22,63.44,-20.27,39.42,55,74,25.41,light snow,0.0,1.06
491,491,Mandalgovi,MN,2020-02-23 02:41:23,45.76,106.27,28.83,49,38,4.41,scattered clouds,0.0,0.0
492,492,Xai-Xai,MZ,2020-02-23 02:41:23,-25.05,33.64,73.83,90,86,3.2,overcast clouds,0.0,0.0
493,493,Conde,BR,2020-02-23 02:41:23,-7.26,-34.91,80.6,88,20,4.7,few clouds,0.0,0.0
494,494,Guarapari,BR,2020-02-23 02:41:23,-20.67,-40.5,77.0,83,90,12.75,thunderstorm,0.0,0.0
495,495,Salinopolis,BR,2020-02-23 02:41:24,-0.61,-47.36,81.46,82,96,8.9,overcast clouds,0.0,0.0
496,496,Nanae,JP,2020-02-23 02:41:24,41.88,140.68,32.0,91,75,19.46,light shower snow,0.0,0.0
497,497,Khandyga,RU,2020-02-23 02:41:24,62.67,135.6,3.63,91,94,1.19,overcast clouds,0.0,0.0
498,498,Baherden,TM,2020-02-23 02:41:24,38.44,57.43,49.69,72,81,9.15,light rain,0.44,0.0
499,499,Porto Walter,BR,2020-02-23 02:41:25,-8.27,-72.74,71.6,98,100,5.55,moderate rain,5.0,0.0
500,500,Hofn,IS,2020-02-23 02:41:25,64.25,-15.21,30.97,94,100,3.62,light snow,0.0,0.56
501,501,Tyazhinskiy,RU,2020-02-23 02:41:25,56.12,88.52,14.88,95,72,2.57,broken clouds,0.0,0.0
502,502,Muncar,ID,2020-02-23 02:41:25,-8.43,114.33,80.56,78,25,3.94,scattered clouds,0.0,0.0
503,503,Port Hardy,CA,2020-02-23 02:41:25,50.7,-127.42,41.0,86,90,11.41,overcast clouds,0.0,0.0
504,504,Plettenberg Bay,ZA,2020-02-23 02:41:26,-34.05,23.37,61.68,76,73,7.72,light rain,0.25,0.0
505,505,Namibe,AO,2020-02-23 02:38:20,-15.2,12.15,75.56,77,84,12.39,broken clouds,0.0,0.0
506,506,Simplicio Mendes,BR,2020-02-23 02:41:26,-7.85,-41.91,73.49,92,100,1.83,light rain,0.63,0.0
507,507,Okhotsk,RU,2020-02-23 02:41:26,59.38,143.3,-2.42,86,21,2.86,few clouds,0.0,0.0
508,508,Sao Felix Do Xingu,BR,2020-02-23 02:41:27,-6.64,-51.99,73.0,96,100,0.76,light rain,0.56,0.0
509,509,Salinas,US,2020-02-23 02:40:32,36.68,-121.66,55.0,71,90,11.41,overcast clouds,0.0,0.0
510,510,Port-Gentil,GA,2020-02-23 02:41:27,-0.72,8.78,82.45,79,100,6.64,overcast clouds,0.0,0.0
511,511,Luzhou,CN,2020-02-23 02:41:27,28.87,105.44,55.6,68,100,0.43,overcast clouds,0.0,0.0
512,512,Korla,CN,2020-02-23 02:37:25,41.76,86.15,46.99,50,61,4.0,broken clouds,0.0,0.0
513,513,Garowe,SO,2020-02-23 02:41:28,8.41,48.48,61.23,95,37,9.24,scattered clouds,0.0,0.0
514,514,Xuanwu,CN,2020-02-23 02:40:04,32.07,118.81,60.01,46,2,11.18,clear sky,0.0,0.0
515,515,Gainesville,US,2020-02-23 02:40:01,29.65,-82.32,51.8,93,1,3.36,clear sky,0.0,0.0
516,516,Mozarlandia,BR,2020-02-23 02:41:29,-14.74,-50.57,74.34,85,86,1.86,overcast clouds,0.0,0.0
517,517,Kushmurun,KZ,2020-02-23 02:41:29,52.45,64.63,13.21,96,79,2.35,broken clouds,0.0,0.0
518,518,Kijang,KR,2020-02-23 02:41:29,35.24,129.21,42.8,33,0,11.41,clear sky,0.0,0.0
519,519,Tibacuy,CO,2020-02-23 02:41:29,4.35,-72.46,89.22,40,100,3.56,overcast clouds,0.0,0.0
520,520,Poya,NC,2020-02-23 02:41:29,-21.35,165.15,79.16,79,0,14.32,clear sky,0.0,0.0
521,521,Kavaratti,IN,2020-02-23 02:37:30,10.57,72.64,81.93,74,95,5.82,overcast clouds,0.0,0.0
522,522,Visnes,NO,2020-02-23 02:41:30,59.36,5.22,42.8,81,79,33.33,light rain,0.56,0.0
523,523,Bay Saint Louis,US,2020-02-23 02:40:34,30.31,-89.33,52.0,61,1,2.26,clear sky,0.0,0.0
524,524,Ambilobe,MG,2020-02-23 02:41:30,-13.2,49.05,73.49,91,33,4.52,scattered clouds,0.0,0.0
525,525,Pekalongan,ID,2020-02-23 02:41:31,-6.89,109.68,82.94,78,30,7.65,light rain,1.56,0.0
526,526,Harstad,NO,2020-02-23 02:41:31,68.8,16.53,35.6,86,91,27.51,light snow,0.0,0.25
527,527,Riyadh,SA,2020-02-23 02:41:31,24.69,46.72,60.8,51,100,4.7,overcast clouds,0.0,0.0
528,528,Tomatlan,MX,2020-02-23 02:41:31,19.93,-105.25,68.56,88,46,1.59,scattered clouds,0.0,0.0
529,529,Hovd,MN,2020-02-23 02:38:50,48.01,91.64,27.23,54,100,5.77,overcast clouds,0.0,0.0
530,530,Klaksvik,FO,2020-02-23 02:41:32,62.23,-6.59,35.6,69,100,1.12,light snow,0.0,1.31
531,531,Marawi,PH,2020-02-23 02:41:32,8.0,124.29,80.01,76,0,5.99,clear sky,0.0,0.0
532,532,Havoysund,NO,2020-02-23 02:41:32,71.0,24.66,30.2,74,91,8.05,overcast clouds,0.0,0.0
533,533,Rincon,US,2020-02-23 02:41:32,32.3,-81.24,42.8,56,1,1.05,clear sky,0.0,0.0
534,534,Devonport,AU,2020-02-23 02:41:13,-41.17,146.35,73.0,61,14,5.01,few clouds,0.0,0.0
535,535,Mombasa,KE,2020-02-23 02:39:16,-4.05,39.66,75.24,92,55,4.52,broken clouds,0.0,0.0
536,536,Lar,IN,2020-02-23 02:40:13,26.2,83.97,70.32,65,0,5.12,clear sky,0.0,0.0
537,537,Debre Birhan,ET,2020-02-23 02:41:33,9.68,39.53,48.31,96,20,9.06,few clouds,0.0,0.0
538,538,Surgana,IN,2020-02-23 02:41:33,20.57,73.62,76.14,19,0,1.52,clear sky,0.0,0.0
539,539,Qandala,SO,2020-02-23 02:41:34,11.47,49.87,71.92,64,0,7.9,clear sky,0.0,0.0
540,540,Portugalete,ES,2020-02-23 02:41:34,43.32,-3.02,52.0,93,0,5.82,clear sky,0.0,0.0
541,541,Jurado,CO,2020-02-23 02:41:34,7.11,-77.76,80.67,80,92,10.38,overcast clouds,0.0,0.0
542,542,Arlit,NE,2020-02-23 02:41:34,18.74,7.39,72.59,15,62,19.48,broken clouds,0.0,0.0
543,543,Lufilufi,WS,2020-02-23 02:39:47,-13.87,-171.6,78.8,94,90,28.86,heavy intensity shower rain,0.0,0.0
544,544,San Rafael,AR,2020-02-23 02:37:33,-34.62,-68.33,64.09,38,0,14.72,clear sky,0.0,0.0
545,545,Vostok,RU,2020-02-23 02:41:35,46.49,135.88,15.19,88,93,6.89,overcast clouds,0.0,0.0
546,546,Russkaya Polyana,UA,2020-02-23 02:39:39,49.42,31.92,37.11,74,100,16.64,overcast clouds,0.0,0.0
547,547,Villaviciosa,ES,2020-02-23 02:41:35,43.48,-5.44,51.01,93,20,5.82,few clouds,0.0,0.0
548,548,Kharp,RU,2020-02-23 02:41:36,66.8,65.81,12.65,95,93,4.59,overcast clouds,0.0,0.0
